month_year,total_incidents,avg_resolution_hours,total_unique_assets
2020-04,486,39.979482972362156,351
2020-05,428,45.95733130990054,300
2020-06,400,40.27533193922381,301
2020-07,352,47.71807564234886,273
2020-08,401,40.94230589201685,314
2020-09,401,42.641394063631886,304
2020-10,327,43.57775176064929,257
2020-11,392,44.778086745195395,311
2020-12,392,43.28870736380008,302
2021-01,352,43.92842794840168,271
